{"type":"Topology","objects":{"supervisor_districts":{"type":"GeometryCollection","crs":{"type":"name","properties":{"name":"urn:ogc:def:crs:OGC:1.3:CRS84"}},"geometries":[{"type":"Polygon","properties":{"AREA":13.674452,"DISTRICT":"02","MEMBERS":1,"LOCKED":null,"NAME":null,"POP":69544,"LATPOP_D":3932,"WHIPOP_D":52539,"BLAPOP_D":1254,"AMIPOP_D":250,"ASIPOP_D":10812,"HPIPOP_D":141,"OTHPOP_D":259,"VAP":62009,"LATVAP_D":3417,"WHIVAP_D":47195,"BLAVAP_D":1114,"AMIVAP_D":228,"ASIVAP_D":9465,"HPIVAP_D":127,"OTHVAP_D":182,"MMRVAP_D":281,"TCVAP_095":58025,"LCVAP_095":2966,"WDCVAP_095":46126,"BDCVAP_095":1041,"ADCVAP_095":7177,"OCVAP_095":715,"IDEAL_VALU":73203,"DEVIATION":-3659,"F_DEVIATIO":-0.049984,"F_LATPOP_D":0.05654,"F_WHIPOP_D":0.755479,"F_BLAPOP_D":0.018032,"F_AMIPOP_D":0.003595,"F_ASIPOP_D":0.15547,"F_HPIPOP_D":0.002027,"F_OTHPOP_D":0.003724,"F_VAP":0.891651,"F_LATVAP_D":0.055105,"F_WHIVAP_D":0.761099,"F_BLAVAP_D":0.017965,"F_AMIVAP_D":0.003677,"F_ASIVAP_D":0.152639,"F_HPIVAP_D":0.002048,"F_OTHVAP_D":0.002935,"F_MMRVAP_D":0.004532,"F_TCVAP_09":0.834364,"F_LCVAP_09":0.051116,"F_WDCVAP_0":0.794933,"F_BDCVAP_0":0.017941,"F_ADCVAP_0":0.123688,"F_OCVAP_09":0.012322,"MULTIPLE_F":"02|69,544|-5%","Shape_Leng":120532.7349,"Shape_Area":148655412.934},"arcs":[[0,1,2,3,4,5,-3,6,7,8,9,9]]},{"type":"Polygon","properties":{"AREA":19.815191,"DISTRICT":"01","MEMBERS":1,"LOCKED":null,"NAME":null,"POP":69703,"LATPOP_D":4756,"WHIPOP_D":30152,"BLAPOP_D":1455,"AMIPOP_D":285,"ASIPOP_D":32091,"HPIPOP_D":134,"OTHPOP_D":315,"VAP":60465,"LATVAP_D":4014,"WHIVAP_D":26759,"BLAVAP_D":1243,"AMIVAP_D":247,"ASIVAP_D":27438,"HPIVAP_D":123,"OTHVAP_D":234,"MMRVAP_D":407,"TCVAP_095":56005,"LCVAP_095":3235,"WDCVAP_095":26632,"BDCVAP_095":1870,"ADCVAP_095":23298,"OCVAP_095":970,"IDEAL_VALU":73203,"DEVIATION":-3500,"F_DEVIATIO":-0.047812,"F_LATPOP_D":0.068232,"F_WHIPOP_D":0.432578,"F_BLAPOP_D":0.020874,"F_AMIPOP_D":0.004089,"F_ASIPOP_D":0.460396,"F_HPIPOP_D":0.001922,"F_OTHPOP_D":0.004519,"F_VAP":0.867466,"F_LATVAP_D":0.066386,"F_WHIVAP_D":0.442554,"F_BLAVAP_D":0.020557,"F_AMIVAP_D":0.004085,"F_ASIVAP_D":0.453783,"F_HPIVAP_D":0.002034,"F_OTHVAP_D":0.00387,"F_MMRVAP_D":0.006731,"F_TCVAP_09":0.80348,"F_LCVAP_09":0.057763,"F_WDCVAP_0":0.475529,"F_BDCVAP_0":0.03339,"F_ADCVAP_0":0.415999,"F_OCVAP_09":0.01732,"MULTIPLE_F":"01|69,703|-4.78%","Shape_Leng":123246.830516,"Shape_Area":125462836.779},"arcs":[[7,-7,2,10,11,12,13]]},{"type":"Polygon","properties":{"AREA":107.301994,"DISTRICT":"04","MEMBERS":1,"LOCKED":null,"NAME":null,"POP":72498,"LATPOP_D":4224,"WHIPOP_D":23521,"BLAPOP_D":1024,"AMIPOP_D":228,"ASIPOP_D":42731,"HPIPOP_D":142,"OTHPOP_D":224,"VAP":61448,"LATVAP_D":3457,"WHIVAP_D":20900,"BLAVAP_D":834,"AMIVAP_D":194,"ASIVAP_D":35484,"HPIVAP_D":122,"OTHVAP_D":162,"MMRVAP_D":295,"TCVAP_095":53724,"LCVAP_095":2455,"WDCVAP_095":21119,"BDCVAP_095":806,"ADCVAP_095":28785,"OCVAP_095":559,"IDEAL_VALU":73203,"DEVIATION":-705,"F_DEVIATIO":-0.009631,"F_LATPOP_D":0.058264,"F_WHIPOP_D":0.324437,"F_BLAPOP_D":0.014125,"F_AMIPOP_D":0.003145,"F_ASIPOP_D":0.589409,"F_HPIPOP_D":0.001959,"F_OTHPOP_D":0.00309,"F_VAP":0.847582,"F_LATVAP_D":0.056259,"F_WHIVAP_D":0.340125,"F_BLAVAP_D":0.013572,"F_AMIVAP_D":0.003157,"F_ASIVAP_D":0.577464,"F_HPIVAP_D":0.001985,"F_OTHVAP_D":0.002636,"F_MMRVAP_D":0.004801,"F_TCVAP_09":0.741041,"F_LCVAP_09":0.045697,"F_WDCVAP_0":0.393102,"F_BDCVAP_0":0.015003,"F_ADCVAP_0":0.535794,"F_OCVAP_09":0.010405,"MULTIPLE_F":"04|72,498|-0.96%","Shape_Leng":294404.251019,"Shape_Area":109130821.541},"arcs":[[14,15,-13]]},{"type":"Polygon","properties":{"AREA":15.01983,"DISTRICT":"07","MEMBERS":1,"LOCKED":null,"NAME":null,"POP":72737,"LATPOP_D":7390,"WHIPOP_D":34097,"BLAPOP_D":2724,"AMIPOP_D":291,"ASIPOP_D":27112,"HPIPOP_D":194,"OTHPOP_D":334,"VAP":61566,"LATVAP_D":6047,"WHIVAP_D":29798,"BLAVAP_D":2315,"AMIVAP_D":251,"ASIVAP_D":22335,"HPIVAP_D":150,"OTHVAP_D":221,"MMRVAP_D":449,"TCVAP_095":55379,"LCVAP_095":4861,"WDCVAP_095":28935,"BDCVAP_095":2456,"ADCVAP_095":18310,"OCVAP_095":817,"IDEAL_VALU":73203,"DEVIATION":-466,"F_DEVIATIO":-0.006366,"F_LATPOP_D":0.101599,"F_WHIPOP_D":0.468771,"F_BLAPOP_D":0.03745,"F_AMIPOP_D":0.004001,"F_ASIPOP_D":0.37274,"F_HPIPOP_D":0.002667,"F_OTHPOP_D":0.004592,"F_VAP":0.846419,"F_LATVAP_D":0.09822,"F_WHIVAP_D":0.484001,"F_BLAVAP_D":0.037602,"F_AMIVAP_D":0.004077,"F_ASIVAP_D":0.362781,"F_HPIVAP_D":0.002436,"F_OTHVAP_D":0.00359,"F_MMRVAP_D":0.007293,"F_TCVAP_09":0.761359,"F_LCVAP_09":0.087777,"F_WDCVAP_0":0.52249,"F_BDCVAP_0":0.044349,"F_ADCVAP_0":0.330631,"F_OCVAP_09":0.014753,"MULTIPLE_F":"07|72,737|-0.64%","Shape_Leng":137954.055861,"Shape_Area":216993282.382},"arcs":[[16,17,18,-19,19,-15,-12]]},{"type":"Polygon","properties":{"AREA":3.515096,"DISTRICT":"08","MEMBERS":1,"LOCKED":null,"NAME":null,"POP":75746,"LATPOP_D":10789,"WHIPOP_D":50009,"BLAPOP_D":2466,"AMIPOP_D":470,"ASIPOP_D":11003,"HPIPOP_D":179,"OTHPOP_D":348,"VAP":67468,"LATVAP_D":9067,"WHIVAP_D":45602,"BLAVAP_D":2046,"AMIVAP_D":432,"ASIVAP_D":9483,"HPIVAP_D":155,"OTHVAP_D":284,"MMRVAP_D":399,"TCVAP_095":66214,"LCVAP_095":6705,"WDCVAP_095":49415,"BDCVAP_095":2238,"ADCVAP_095":7214,"OCVAP_095":642,"IDEAL_VALU":73203,"DEVIATION":2543,"F_DEVIATIO":0.034739,"F_LATPOP_D":0.142437,"F_WHIPOP_D":0.66022,"F_BLAPOP_D":0.032556,"F_AMIPOP_D":0.006205,"F_ASIPOP_D":0.145262,"F_HPIPOP_D":0.002363,"F_OTHPOP_D":0.004594,"F_VAP":0.890714,"F_LATVAP_D":0.13439,"F_WHIVAP_D":0.675906,"F_BLAVAP_D":0.030325,"F_AMIVAP_D":0.006403,"F_ASIVAP_D":0.140556,"F_HPIVAP_D":0.002297,"F_OTHVAP_D":0.004209,"F_MMRVAP_D":0.005914,"F_TCVAP_09":0.874158,"F_LCVAP_09":0.101263,"F_WDCVAP_0":0.746292,"F_BDCVAP_0":0.033799,"F_ADCVAP_0":0.10895,"F_OCVAP_09":0.009696,"MULTIPLE_F":"08|75,746|3.47%","Shape_Leng":54756.9076817,"Shape_Area":98035427.6902},"arcs":[[20,21,22,23,-24,23,-24,23,24,-17,-11,-6,20,-21,20,-21]]},{"type":"Polygon","properties":{"AREA":3.032281,"DISTRICT":"11","MEMBERS":1,"LOCKED":null,"NAME":null,"POP":76818,"LATPOP_D":21663,"WHIPOP_D":10113,"BLAPOP_D":4315,"AMIPOP_D":195,"ASIPOP_D":39446,"HPIPOP_D":281,"OTHPOP_D":235,"VAP":62779,"LATVAP_D":16708,"WHIVAP_D":9165,"BLAVAP_D":3694,"AMIVAP_D":175,"ASIVAP_D":32260,"HPIVAP_D":222,"OTHVAP_D":164,"MMRVAP_D":391,"TCVAP_095":48037,"LCVAP_095":9802,"WDCVAP_095":11295,"BDCVAP_095":4128,"ADCVAP_095":22157,"OCVAP_095":655,"IDEAL_VALU":73203,"DEVIATION":3615,"F_DEVIATIO":0.049383,"F_LATPOP_D":0.282004,"F_WHIPOP_D":0.131649,"F_BLAPOP_D":0.056172,"F_AMIPOP_D":0.002538,"F_ASIPOP_D":0.513499,"F_HPIPOP_D":0.003658,"F_OTHPOP_D":0.003059,"F_VAP":0.817243,"F_LATVAP_D":0.26614,"F_WHIVAP_D":0.145988,"F_BLAVAP_D":0.058841,"F_AMIVAP_D":0.002788,"F_ASIVAP_D":0.513866,"F_HPIVAP_D":0.003536,"F_OTHVAP_D":0.002612,"F_MMRVAP_D":0.006228,"F_TCVAP_09":0.625335,"F_LCVAP_09":0.204051,"F_WDCVAP_0":0.235131,"F_BDCVAP_0":0.085934,"F_ADCVAP_0":0.461249,"F_OCVAP_09":0.013635,"MULTIPLE_F":"11|76,818|4.94%","Shape_Leng":53429.9624822,"Shape_Area":84609443.4417},"arcs":[[25,26,-19,18,-19,-18,27,-28,27,-28,28]]},{"type":"Polygon","properties":{"AREA":3.18492,"DISTRICT":"09","MEMBERS":1,"LOCKED":null,"NAME":null,"POP":76720,"LATPOP_D":29381,"WHIPOP_D":23704,"BLAPOP_D":3184,"AMIPOP_D":407,"ASIPOP_D":18929,"HPIPOP_D":292,"OTHPOP_D":268,"VAP":64362,"LATVAP_D":23251,"WHIVAP_D":21583,"BLAVAP_D":2624,"AMIVAP_D":366,"ASIVAP_D":15703,"HPIVAP_D":233,"OTHVAP_D":195,"MMRVAP_D":407,"TCVAP_095":50484,"LCVAP_095":12441,"WDCVAP_095":23775,"BDCVAP_095":2451,"ADCVAP_095":11222,"OCVAP_095":595,"IDEAL_VALU":73203,"DEVIATION":3517,"F_DEVIATIO":0.048044,"F_LATPOP_D":0.382964,"F_WHIPOP_D":0.308968,"F_BLAPOP_D":0.041502,"F_AMIPOP_D":0.005305,"F_ASIPOP_D":0.246728,"F_HPIPOP_D":0.003806,"F_OTHPOP_D":0.003493,"F_VAP":0.838921,"F_LATVAP_D":0.361254,"F_WHIVAP_D":0.335338,"F_BLAVAP_D":0.040769,"F_AMIVAP_D":0.005687,"F_ASIVAP_D":0.243979,"F_HPIVAP_D":0.00362,"F_OTHVAP_D":0.00303,"F_MMRVAP_D":0.006324,"F_TCVAP_09":0.658029,"F_LCVAP_09":0.246435,"F_WDCVAP_0":0.470941,"F_BDCVAP_0":0.04855,"F_ADCVAP_0":0.222288,"F_OCVAP_09":0.011786,"MULTIPLE_F":"09|76,720|4.8%",